order_id,customer,product,category,quantity,price,discount,city,order_date,total_amount,final_amount
1001,Rahul,Laptop,Electronics,1,65000.0,5000,Delhi,2026-01-05,65000.0,60000.0
1002,Priya,Mouse,Electronics,2,800.0,200,Mumbai,2026-01-06,1600.0,1400.0
1003,Amit,Keyboard,Electronics,1,1500.0,500,Delhi,2026-01-07,1500.0,1000.0
1003,Amit,Keyboard,Electronics,1,1500.0,500,Delhi,2026-01-07,1500.0,1000.0
1004,Neha,Chair,Furniture,2,5000.0,1000,Pune,2026-01-08,10000.0,9000.0
1006,Simran,Desk,Furniture,1,8000.0,4000,Mumbai,2026-01-10,8000.0,4000.0
1007,Karan,Laptop,Electronics,2,65000.0,100,Bangalore,2026-01-11,130000.0,129900.0
1008,Pooja,Mouse,Electronics,3,800.0,90,Pune,2026-01-12,2400.0,2310.0
1009,Arjun,Chair,Furniture,1,5000.0,1000,Delhi,2026-01-13,5000.0,4000.0
1010,Riya,Monitor,Electronics,2,12000.0,5000,Mumbai,2026-01-14,24000.0,19000.0
