order_id,customer,product,category,quantity,price,discount,city,order_date
1001,Rahul,Laptop,Electronics,1,65000,5000,Delhi,2026-01-05
1002,Priya,Mouse,Electronics,2,800,200,Mumbai,2026-01-06
1003,Amit,Keyboard,Electronics,1,1500,500,Delhi,2026-01-07
1003,Amit,Keyboard,Electronics,1,1500,500,Delhi,2026-01-07
1004,Neha,Chair,Furniture,2,5000,1000,Pune,2026-01-08
1005,Rohan,Monitor,Electronics,1,,0,Bangalore,2026-01-09
1006,Simran,Desk,Furniture,1,8000,4000,Mumbai,2026-01-10
1007,Karan,Laptop,Electronics,2,65000,100,Bangalore,2026-01-11
1008,Pooja,Mouse,Electronics,3,800,90,Pune,2026-01-12
1009,Arjun,Chair,Furniture,1,5000,1000,Delhi,2026-01-13
1010,Riya,Monitor,Electronics,2,12000,5000,Mumbai,2026-01-14